<?xml version="1.0" encoding="utf-8"?>
<!DOCTYPE hibernate-mapping PUBLIC "-//Hibernate/Hibernate Mapping DTD 3.0//EN"
"http://hibernate.sourceforge.net/hibernate-mapping-3.0.dtd">
<!-- 
    Mapping file autogenerated by MyEclipse Persistence Tools
-->
<hibernate-mapping>
    <class name="com.dao.Student" table="student" catalog="apartment">
        <id name="stuId" type="java.lang.String">
            <column name="stu_id" />
            <generator class="assigned" />
        </id>
        <property name="name" type="java.lang.String">
            <column name="name" not-null="true" />
        </property>
        <property name="sex" type="java.lang.String">
            <column name="sex" not-null="true" />
        </property>
        <property name="age" type="java.lang.String">
            <column name="age" not-null="true" />
        </property>
        <property name="institution" type="java.lang.String">
            <column name="institution" not-null="true" />
        </property>
        <property name="roomId" type="java.lang.String">
            <column name="room_id" not-null="true" />
        </property>
    </class>
</hibernate-mapping>
